{
    "disease_prediction": {
        "fold_scores": [
            0.8658689987757083,
            0.8698623010038014,
            0.8625027859047878,
            0.004649971961369221,
            0.005825956578377628
        ],
        "mean_f1": 0.5217,
        "std_dev": 0.4217,
        "min_f1": 0.0046,
        "max_f1": 0.8699
    },
    "severity_classification": {
        "fold_scores": [
            0.942613851486305,
            0.9439728918749579,
            0.9503147702382696,
            0.9487542187294873,
            0.9427665769913881
        ],
        "mean_f1": 0.9457,
        "std_dev": 0.0032,
        "min_f1": 0.9426,
        "max_f1": 0.9503
    }
}