{
    "disease_prediction": {
        "fold_scores": [
            0.005262334517441369,
            0.007285629657190927,
            0.867153865499451,
            0.0055195927666006565,
            0.8575447314960567
        ],
        "mean_f1": 0.3486,
        "std_dev": 0.4195,
        "min_f1": 0.0053,
        "max_f1": 0.8672
    },
    "severity_classification": {
        "fold_scores": [
            0.942613851486305,
            0.9439728918749579,
            0.9503147702382696,
            0.9487542187294873,
            0.9427665769913881
        ],
        "mean_f1": 0.9457,
        "std_dev": 0.0032,
        "min_f1": 0.9426,
        "max_f1": 0.9503
    }
}