{
    "disease_prediction": {
        "model": "CatBoost",
        "fold_scores": [
            0.8840996385249662,
            0.8904858200151627,
            0.8867335010538314,
            0.888122743539308,
            0.8763384636456664
        ],
        "mean_f1": 0.8852,
        "std_dev": 0.0049,
        "min_f1": 0.8763,
        "max_f1": 0.8905
    },
    "severity_classification": {
        "model": "LightGBM",
        "fold_scores": [
            0.942613851486305,
            0.9439728918749579,
            0.9503147702382696,
            0.9487542187294873,
            0.9427665769913881
        ],
        "mean_f1": 0.9457,
        "std_dev": 0.0032,
        "min_f1": 0.9426,
        "max_f1": 0.9503
    }
}